command	reach_status	coverage	scenarios
# Assumption: player level = 1 (scenarios run as fresh mortals).
# Resolution table: pkg/session/command_order.tsv (508 rows).
# Scenario files parsed: 49.
'	registered	probed	command-surface-punctuation.txt
.	registered	probed	command-surface-punctuation.txt
:	registered	probed	command-surface-punctuation.txt
;	registered	probed	command-surface-punctuation.txt
?	registered	probed	act-informative-sweep.txt,help-system.txt
abilities	registered	never-probed	
accuse	social	never-probed	
admobs	missing	never-probed	
advance	registered	never-probed	
afk	registered	never-probed	
agree	social	never-probed	
aid	registered	never-probed	
alias	registered	never-probed	
alter	registered	never-probed	
ambush	registered	never-probed	
anguish	social	never-probed	
apologize	social	never-probed	
applaud	social	never-probed	
appraise	registered	never-probed	
ask	registered	probed	communication.txt
assist	registered	never-probed	
at	registered	never-probed	
auction	registered	never-probed	
auto	registered	never-probed	
backstab	registered	probed	combat-backstab-opener.txt
bah	social	never-probed	
balance	specproc	never-probed	
ban	registered	never-probed	
bash	registered	never-probed	
bearhug	registered	never-probed	
beckon	social	never-probed	
beg	social	never-probed	
behead	registered	never-probed	
bellow	social	never-probed	
berserk	registered	never-probed	
bird	social	never-probed	
bitch	social	never-probed	
bite	registered	never-probed	
blame	social	never-probed	
bleed	social	never-probed	
bless	social	never-probed	
blink	social	never-probed	
blush	social	never-probed	
boggle	social	never-probed	
boink	social	never-probed	
bonk	social	never-probed	
bounce	social	probed	pager-navigation.txt
bow	social	never-probed	
brb	social	never-probed	
brief	registered	probed	toggle-cluster.txt
bug	registered	never-probed	
burp	social	never-probed	
buy	registered	never-probed	
cackle	social	never-probed	
carve	registered	never-probed	
cast	registered	probed	cast-gating.txt
charge	registered	never-probed	
check	missing	never-probed	
checkload	registered	never-probed	
cheer	social	never-probed	
chide	social	never-probed	
chuckle	social	never-probed	
circle	registered	never-probed	
clan	registered	never-probed	
clap	social	never-probed	
clear	registered	never-probed	
close	registered	probed	object-door-messages.txt,object-doors.txt,object-inventory.txt
cls	registered	never-probed	
collect	missing	never-probed	
color	registered	never-probed	
comb	social	never-probed	
comfort	social	never-probed	
commands	registered	never-probed	
compact	registered	probed	toggle-cluster.txt
compare	registered	never-probed	
consider	registered	probed	character-view.txt
cough	social	never-probed	
credits	registered	probed	static-text.txt
cringe	social	never-probed	
cry	social	never-probed	
ctell	registered	never-probed	
cuddle	social	never-probed	
curse	social	never-probed	
curtsey	social	never-probed	
cutthroat	registered	never-probed	
dance	social	probed	command-abbreviations.txt
dark	registered	never-probed	
date	registered	never-probed	
daydream	social	never-probed	
dc	registered	never-probed	
deposit	specproc	never-probed	
diagnose	registered	probed	observation.txt
dig	implemented-unwired	never-probed	
disarm	registered	never-probed	
disembowel	registered	never-probed	
dismount	registered	never-probed	
display	registered	probed	display-cluster.txt
dns	missing	never-probed	
doh	social	never-probed	
donate	registered	never-probed	
down	registered	never-probed	
dragon	registered	never-probed	
dream	registered	never-probed	
drink	registered	probed	consumables.txt,hunger-thirst.txt
drool	social	never-probed	
drop	registered	probed	act-obj-sweep.txt,inv-equip.txt,object-doors.txt,object-inventory.txt
east	registered	never-probed	
eat	registered	probed	act-obj-sweep.txt,consumables.txt,hunger-thirst.txt
echo	registered	never-probed	
embrace	social	never-probed	
emote	registered	never-probed	
enter	registered	probed	movement.txt
equipment	registered	probed	equipment-takename.txt,inv-equip.txt,object-starting-gear.txt
escape	specproc	never-probed	
examine	registered	probed	observation.txt
exits	registered	probed	observation-roomflags.txt,observation.txt,room-desc-exits.txt
fade	social	never-probed	
faint	social	never-probed	
farewell	social	never-probed	
fart	social	never-probed	
fill	registered	probed	consumables.txt
finger	implemented-unwired	probed	mortal-503-sweep.txt
flee	registered	never-probed	
flesh	registered	never-probed	
flex	social	never-probed	
flip	social	never-probed	
flirt	social	never-probed	
follow	registered	probed	movement.txt
fondle	social	never-probed	
force	registered	never-probed	
freeze	implemented-unwired	never-probed	
french	social	never-probed	
frown	social	never-probed	
fume	social	never-probed	
future	registered	never-probed	
fwap	social	never-probed	
gag	social	never-probed	
gasp	social	never-probed	
gecho	registered	never-probed	
get	registered	probed	act-obj-sweep.txt,consumables.txt,hunger-thirst.txt,object-inventory.txt
giggle	social	never-probed	
give	registered	probed	act-obj-sweep.txt,object-give-mob.txt,object-give-nobody.txt
glance	registered	never-probed	
glare	social	never-probed	
gold	implemented-unwired	probed	mortal-503-sweep.txt
goose	social	never-probed	
gossip	registered	probed	command-abbreviations.txt,communication-channels.txt
goto	registered	never-probed	
grab	registered	never-probed	
grats	registered	probed	command-surface-punctuation.txt
greet	social	never-probed	
grimace	social	never-probed	
grin	social	probed	command-abbreviations.txt
groan	social	never-probed	
groinrip	registered	never-probed	
grope	social	never-probed	
group	registered	never-probed	
grovel	social	never-probed	
growl	social	never-probed	
grumble	social	never-probed	
gsay	registered	never-probed	
gtell	registered	never-probed	
handbook	registered	never-probed	
hcontrol	registered	never-probed	
headbutt	registered	never-probed	
heh	social	never-probed	
help	registered	probed	help-system.txt
hiccup	social	never-probed	
hide	registered	probed	thief-hide.txt
highfive	social	never-probed	
hire	missing	never-probed	
hit	registered	probed	combat-death.txt,combat-swing.txt
hold	registered	probed	act-obj-sweep.txt,equipment.txt
holler	missing	never-probed	
holylight	registered	never-probed	
home	registered	never-probed	
hop	social	never-probed	
house	registered	never-probed	
howl	social	never-probed	
hug	social	never-probed	
hum	social	never-probed	
hump	social	never-probed	
hush	social	never-probed	
idea	registered	never-probed	
ident	missing	never-probed	
idlist	registered	never-probed	
immlist	registered	probed	static-text.txt
imotd	registered	never-probed	
inactive	registered	never-probed	
info	registered	probed	static-text.txt
infobar	registered	never-probed	
insult	registered	never-probed	
inventory	registered	probed	command-abbreviations.txt,inv-equip.txt,object-starting-gear.txt
invis	registered	never-probed	
jeer	social	never-probed	
jin	registered	never-probed	
junk	registered	probed	act-obj-sweep.txt
kabuki	implemented-unwired	never-probed	
kai	registered	never-probed	
kick	registered	never-probed	
kill	registered	never-probed	
kiss	social	never-probed	
kyo	registered	never-probed	
lambada	social	never-probed	
last	registered	never-probed	
laugh	social	never-probed	
leave	registered	never-probed	
leer	social	never-probed	
levels	registered	probed	pager-navigation.txt
lick	social	never-probed	
lines	registered	never-probed	
list	registered	never-probed	
listen	social	never-probed	
load	registered	never-probed	
lock	registered	probed	object-doors.txt
look	registered	probed	combat-death.txt,command-abbreviations.txt,look-start-room.txt,newbie-start-room.txt,observation-roomflags.txt,observation.txt,room-desc-exits.txt
love	social	never-probed	
luaedit	missing	never-probed	
mail	missing	never-probed	
map	registered	never-probed	
massage	social	never-probed	
medit	missing	never-probed	
mindlink	registered	never-probed	
mlist	registered	never-probed	
moan	social	never-probed	
mold	registered	never-probed	
mosh	social	never-probed	
motd	registered	probed	static-text.txt
mount	registered	never-probed	
muhaha	social	never-probed	
mumble	social	never-probed	
murder	implemented-unwired	never-probed	
mute	implemented-unwired	never-probed	
neckbreak	registered	never-probed	
newbie	registered	never-probed	
news	registered	probed	static-text.txt
nibble	social	never-probed	
noauction	registered	probed	toggle-cluster.txt
nobroadcast	registered	probed	toggle-cluster.txt
noctell	registered	probed	toggle-cluster.txt
nod	social	never-probed	
nogossip	registered	probed	toggle-cluster.txt
nograts	registered	probed	toggle-cluster.txt
nohassle	registered	never-probed	
nonewbie	registered	probed	toggle-cluster.txt
noogie	social	never-probed	
norepeat	registered	probed	toggle-cluster.txt
north	registered	probed	movement.txt,observation-roomflags.txt,position-gates.txt
noshout	registered	probed	toggle-cluster.txt
nosummon	registered	never-probed	
notell	registered	probed	toggle-cluster.txt
notitle	implemented-unwired	never-probed	
nowiz	registered	never-probed	
nudge	social	never-probed	
nuzzle	social	never-probed	
oedit	missing	never-probed	
offer	specproc	never-probed	
olc	missing	never-probed	
olist	registered	never-probed	
open	registered	probed	hunger-thirst.txt,object-door-messages.txt,object-doors.txt,object-inventory.txt
order	registered	never-probed	
orgasm	missing	never-probed	
pace	social	never-probed	
page	registered	never-probed	
palm	registered	never-probed	
pant	social	never-probed	
pardon	implemented-unwired	never-probed	
parry	missing	never-probed	
pat	social	never-probed	
peek	registered	never-probed	
peer	social	never-probed	
pick	registered	probed	object-doors.txt
pinch	social	never-probed	
piss	social	never-probed	
players	registered	never-probed	
plot	social	never-probed	
point	registered	never-probed	
poke	social	never-probed	
policy	registered	never-probed	
ponder	social	never-probed	
poofin	implemented-unwired	never-probed	
poofout	implemented-unwired	never-probed	
pose	social	never-probed	
pour	registered	probed	consumables.txt
pout	social	never-probed	
practice	registered	probed	guild-practice.txt,skills-practice.txt
pray	social	never-probed	
prompt	registered	never-probed	
puke	social	never-probed	
punch	social	never-probed	
purge	registered	never-probed	
purr	social	never-probed	
put	registered	probed	act-obj-sweep.txt,object-inventory.txt
qecho	implemented-unwired	never-probed	
qsay	implemented-unwired	never-probed	
quaff	registered	probed	help-system.txt,pager-navigation.txt,static-text.txt
quest	registered	never-probed	
qui	abbrev-stub	probed	command-abbreviations.txt
quit	registered	probed	hunger-thirst.txt,object-starting-gear.txt,quit-refuse.txt,room-desc-exits.txt
raise	social	never-probed	
read	registered	never-probed	
reallyquit	registered	never-probed	
recall	registered	never-probed	
receive	missing	never-probed	
recharge	specproc	never-probed	
recite	registered	probed	act-messages.txt
redit	missing	never-probed	
reel	social	never-probed	
reload	registered	never-probed	
remort	missing	never-probed	
remove	registered	probed	equipment-takename.txt,equipment.txt,inv-equip.txt,object-starting-gear.txt
ren	social	never-probed	
rent	missing	never-probed	
reply	registered	probed	communication.txt
report	registered	never-probed	
reroll	registered	never-probed	
rescue	registered	never-probed	
rest	registered	probed	pager-navigation.txt,position-gates.txt
restore	registered	never-probed	
retreat	specproc	never-probed	
retrieve	specproc	never-probed	
retsu	registered	never-probed	
return	registered	never-probed	
review	registered	never-probed	
ride	registered	never-probed	
rin	registered	never-probed	
rlist	registered	never-probed	
roar	social	never-probed	
rofl	social	never-probed	
roll	registered	never-probed	
roomflags	registered	never-probed	
rsay	implemented-unwired	never-probed	
ruffle	social	never-probed	
salute	social	never-probed	
save	registered	never-probed	
say	registered	probed	command-abbreviations.txt,communication.txt
scoff	social	never-probed	
score	registered	probed	act-informative-sweep.txt,character-view.txt,help-system.txt,hunger-thirst.txt,pager-navigation.txt,static-text.txt
scout	registered	never-probed	
scratch	social	never-probed	
scream	social	never-probed	
scrounge	registered	never-probed	
search	registered	never-probed	
sedit	missing	never-probed	
sell	registered	never-probed	
send	registered	never-probed	
serpent	registered	never-probed	
set	registered	never-probed	
sethunt	registered	never-probed	
sha	registered	never-probed	
shadow	implemented-unwired	never-probed	
shake	social	never-probed	
shame	social	never-probed	
sharpen	registered	never-probed	
shishkabob	social	never-probed	
shiver	social	never-probed	
shoot	registered	never-probed	
shout	registered	probed	communication-channels.txt
show	registered	never-probed	
shrug	social	never-probed	
shudder	social	never-probed	
shutdow	abbrev-stub	never-probed	
shutdown	registered	never-probed	
sigh	social	never-probed	
sing	social	never-probed	
sip	registered	never-probed	
sit	registered	probed	movement.txt,position-gates.txt
skillset	registered	never-probed	
slap	social	never-probed	
sleep	registered	probed	movement.txt,position-gates.txt
sleeper	registered	never-probed	
slowns	missing	never-probed	
slug	registered	never-probed	
smackheads	registered	never-probed	
smell	social	never-probed	
smile	social	probed	communication-channels.txt
smirk	social	never-probed	
snap	social	never-probed	
snarl	social	never-probed	
sneak	registered	probed	thief-sneak.txt
sneer	social	never-probed	
sneeze	social	never-probed	
snicker	social	never-probed	
sniff	social	never-probed	
snoop	registered	never-probed	
snore	social	never-probed	
snowball	social	never-probed	
snuggle	social	never-probed	
socials	implemented-unwired	never-probed	
south	registered	probed	movement.txt
spackle	social	never-probed	
spank	social	never-probed	
spew	social	never-probed	
spike	registered	never-probed	
spit	social	never-probed	
split	registered	never-probed	
squeeze	social	never-probed	
stable	missing	never-probed	
stake	registered	never-probed	
stand	registered	probed	movement.txt,position-gates.txt
stare	social	never-probed	
startle	social	never-probed	
stat	registered	never-probed	
steal	registered	never-probed	
stealth	registered	never-probed	
steam	social	never-probed	
stimpy	social	never-probed	
stretch	social	never-probed	
strike	registered	never-probed	
string	missing	never-probed	
stroke	social	never-probed	
strut	social	never-probed	
subdue	registered	never-probed	
sulk	social	never-probed	
sweat	social	never-probed	
switch	registered	never-probed	
sysfile	registered	never-probed	
syslog	registered	never-probed	
tackle	social	never-probed	
tag	registered	never-probed	
take	registered	never-probed	
tango	social	never-probed	
tap	social	never-probed	
taste	registered	never-probed	
taunt	social	never-probed	
tedit	missing	never-probed	
teleport	registered	never-probed	
tell	registered	probed	communication.txt
thank	social	never-probed	
thaw	implemented-unwired	never-probed	
think	registered	never-probed	
thpbt	social	never-probed	
threaten	social	never-probed	
throttle	social	never-probed	
thumbsup	social	never-probed	
thunk	social	never-probed	
tick	registered	never-probed	
tickle	social	never-probed	
tiger	registered	never-probed	
tilt	social	never-probed	
time	registered	probed	act-informative-sweep.txt,character-view.txt
title	registered	probed	act-informative-sweep.txt
todo	registered	never-probed	
toggle	registered	probed	toggle-cluster.txt
toh	registered	never-probed	
track	missing	never-probed	
transfer	missing	never-probed	
transform	registered	never-probed	
trip	registered	never-probed	
tug	social	never-probed	
turn	registered	never-probed	
twiddle	social	never-probed	
typo	registered	never-probed	
unaffect	registered	never-probed	
unban	registered	never-probed	
ungroup	registered	never-probed	
unlock	registered	probed	object-doors.txt
up	registered	never-probed	
uptime	implemented-unwired	never-probed	
use	registered	never-probed	
users	registered	never-probed	
value	missing	never-probed	
version	registered	never-probed	
violate	social	never-probed	
visible	registered	never-probed	
vnum	registered	never-probed	
vstat	registered	never-probed	
wake	registered	probed	movement.txt,position-gates.txt
waltz	social	never-probed	
wave	social	probed	communication-channels.txt
wear	registered	probed	act-obj-sweep.txt,equipment-takename.txt,equipment.txt,object-starting-gear.txt
weather	registered	probed	act-informative-sweep.txt
wedgie	social	never-probed	
wee	social	never-probed	
weep	social	never-probed	
west	registered	never-probed	
whap	social	never-probed	
where	registered	never-probed	
whimper	social	never-probed	
whine	social	never-probed	
whisper	registered	probed	act-messages.txt,communication.txt
whistle	social	never-probed	
who	registered	probed	act-informative-sweep.txt,character-view.txt
whoami	registered	probed	static-text.txt
whod	registered	never-probed	
whois	registered	probed	mortal-503-sweep.txt
wield	registered	probed	equipment.txt,object-starting-gear.txt
wiggle	social	never-probed	
will	specproc	never-probed	
wimpy	registered	never-probed	
wink	social	never-probed	
withdraw	specproc	never-probed	
wizhelp	implemented-unwired	never-probed	
wizlist	registered	probed	static-text.txt
wizlock	registered	never-probed	
wiznet	registered	never-probed	
wnewbie	implemented-unwired	never-probed	
worship	social	never-probed	
write	registered	never-probed	
yank	registered	never-probed	
yawn	social	never-probed	
yodel	social	never-probed	
yuball	social	never-probed	
zai	registered	never-probed	
zedit	missing	never-probed	
zhen	registered	never-probed	
zlist	registered	never-probed	
zreset	registered	never-probed	
