zone,room_count,room_vnums
199,25,19900;19901;19902;19903;19904;19905;19906;19907;19908;19909;19910;19911;19912;19913;19914;19915;19916;19917;19918;19919;19920;19921;19922;19923;19924
57,100,5700;5701;5702;5703;5704;5705;5706;5707;5708;5709;5710;5711;5712;5713;5714;5715;5716;5717;5718;5719;5720;5721;5722;5723;5724;5725;5726;5727;5728;5729;5730;5731;5732;5733;5734;5735;5736;5737;5738;5739;5740;5741;5742;5743;5744;5745;5746;5747;5748;5749;5750;5751;5752;5753;5754;5755;5756;5757;5758;5759;5760;5761;5762;5763;5764;5765;5766;5767;5768;5769;5770;5771;5772;5773;5774;5775;5776;5777;5778;5779;5780;5781;5782;5783;5784;5785;5786;5787;5788;5789;5790;5791;5792;5793;5794;5795;5796;5798;5799;5801
58,99,5800;5802;5803;5804;5805;5806;5807;5808;5809;5810;5811;5812;5813;5814;5815;5816;5817;5818;5819;5820;5821;5822;5823;5824;5825;5826;5827;5828;5829;5830;5831;5832;5833;5834;5835;5836;5837;5838;5839;5840;5841;5842;5843;5844;5845;5846;5847;5848;5849;5850;5851;5852;5853;5854;5855;5856;5857;5858;5859;5860;5861;5862;5863;5864;5865;5866;5867;5868;5869;5870;5871;5872;5873;5874;5875;5876;5877;5878;5879;5880;5881;5882;5883;5884;5885;5886;5887;5888;5889;5890;5891;5892;5893;5894;5895;5896;5897;5898;5899
183,87,18300;18301;18302;18303;18304;18305;18306;18307;18308;18309;18310;18311;18312;18313;18314;18315;18316;18317;18318;18319;18320;18321;18322;18323;18324;18325;18326;18327;18328;18329;18330;18331;18332;18333;18334;18335;18336;18337;18338;18339;18340;18341;18342;18343;18344;18345;18346;18347;18348;18349;18350;18351;18352;18353;18354;18355;18356;18357;18358;18359;18360;18361;18362;18363;18364;18365;18366;18367;18368;18369;18370;18371;18372;18373;18374;18375;18376;18377;18378;18379;18380;18381;18382;18396;18397;18398;18399
180,142,18000;18001;18002;18003;18004;18005;18006;18007;18008;18009;18010;18011;18012;18013;18014;18015;18016;18017;18018;18019;18020;18021;18022;18023;18024;18025;18026;18027;18028;18029;18030;18031;18032;18033;18034;18035;18036;18037;18038;18039;18040;18041;18042;18043;18044;18045;18046;18047;18048;18049;18050;18051;18052;18053;18054;18055;18056;18057;18058;18059;18060;18061;18062;18063;18064;18065;18066;18067;18068;18069;18070;18071;18072;18073;18074;18075;18076;18077;18078;18079;18080;18081;18082;18083;18084;18085;18086;18087;18088;18089;18090;18091;18092;18093;18094;18095;18096;18097;18098;18099;18000;18001;18002;18003;18004;18005;18006;18008;18009;18010;18011;18012;18013;18014;18015;18016;18017;18075;18076;18077;18078;18079;18080;18081;18082;18083;18084;18085;18086;18087;18088;18089;18090;18091;18092;18093;18094;18095;18096;18097;18098;18099
25,146,2501;2502;2503;2504;2505;2506;2507;2508;2509;2510;2511;2512;2513;2514;2515;2516;2517;2518;2519;2520;2521;2522;2523;2524;2525;2526;2527;2528;2529;2530;2531;2532;2533;2534;2535;2536;2537;2538;2539;2540;2541;2542;2543;2544;2545;2546;2547;2548;2549;2550;2551;2552;2553;2554;2555;2556;2557;2558;2559;2560;2561;2562;2563;2564;2565;2566;2567;2568;2569;2570;2571;2572;2573;2574;2575;2576;2577;2578;2579;2580;2581;2582;2583;2584;2585;2586;2587;2588;2589;2590;2591;2592;2593;2594;2595;2596;2597;2598;2599;2600;2601;2602;2603;2604;2605;2606;2607;2608;2609;2610;2611;2612;2613;2614;2615;2616;2617;2618;2619;2620;2621;2622;2623;2624;2625;2626;2627;2628;2629;2630;2631;2632;2633;2634;2635;2636;2637;2638;2639;2640;2641;2642;2643;2644;2645;2646
48,100,4800;4801;4802;4803;4804;4805;4806;4807;4808;4809;4810;4811;4812;4813;4814;4815;4816;4817;4818;4819;4820;4821;4822;4823;4824;4825;4826;4827;4828;4829;4830;4831;4832;4833;4834;4835;4836;4837;4838;4839;4840;4841;4842;4843;4844;4845;4846;4847;4848;4849;4850;4851;4852;4853;4854;4855;4856;4857;4858;4859;4860;4861;4862;4863;4864;4865;4866;4867;4868;4869;4870;4871;4872;4873;4874;4875;4876;4877;4878;4879;4880;4881;4882;4883;4884;4885;4886;4887;4888;4889;4890;4891;4892;4893;4894;4895;4896;4897;4898;4899
181,13,18100;18101;18102;18103;18104;18105;18106;18107;18108;18109;18110;18111;18112
144,98,14400;14401;14402;14403;14404;14405;14406;14407;14408;14409;14410;14411;14412;14413;14414;14415;14416;14417;14418;14419;14420;14421;14422;14423;14424;14425;14426;14427;14428;14429;14430;14431;14432;14433;14434;14435;14436;14437;14438;14439;14440;14441;14442;14443;14444;14445;14446;14447;14448;14449;14450;14451;14452;14453;14454;14455;14456;14457;14458;14459;14460;14461;14462;14463;14464;14465;14466;14467;14468;14469;14470;14471;14472;14473;14474;14475;14476;14477;14478;14479;14480;14481;14482;14483;14484;14485;14486;14487;14488;14489;14490;14491;14492;14493;14494;14495;14496;14499
110,502,11000;11001;11002;11003;11004;11005;11006;11007;11008;11009;11010;11011;11012;11013;11014;11015;11016;11017;11018;11019;11020;11021;11022;11023;11024;11025;11026;11027;11028;11029;11030;11031;11032;11033;11034;11035;11036;11037;11038;11039;11040;11041;11042;11043;11044;11045;11046;11047;11048;11049;11050;11051;11052;11053;11054;11055;11056;11057;11058;11059;11060;11061;11062;11063;11064;11065;11066;11067;11068;11069;11070;11071;11072;11073;11074;11075;11076;11077;11078;11079;11080;11081;11082;11083;11084;11085;11086;11087;11088;11089;11090;11091;11092;11093;11094;11095;11096;11097;11098;11099;11100;11101;11102;11103;11104;11105;11106;11107;11108;11109;11110;11111;11112;11113;11114;11115;11116;11117;11118;11119;11120;11121;11122;11123;11124;11125;11126;11127;11128;11129;11130;11131;11132;11133;11134;11135;11136;11137;11138;11139;11140;11141;11142;11143;11144;11145;11146;11147;11148;11149;11150;11151;11152;11153;11154;11155;11156;11157;11158;11159;11160;11161;11162;11163;11164;11165;11166;11167;11168;11169;11170;11171;11172;11173;11174;11175;11176;11177;11178;11179;11180;11181;11182;11183;11184;11185;11186;11187;11200;11201;11202;11203;11204;11205;11206;11207;11208;11209;11210;11211;11212;11213;11214;11215;11216;11217;11218;11219;11220;11221;11222;11223;11224;11225;11226;11227;11228;11229;11230;11231;11232;11233;11234;11235;11236;11237;11238;11239;11240;11241;11242;11243;11244;11245;11246;11247;11248;11249;11250;11251;11252;11253;11254;11255;11256;11257;11258;11259;11260;11261;11262;11263;11264;11265;11266;11267;11268;11269;11270;11271;11272;11273;11274;11275;11276;11277;11278;11279;11280;11281;11282;11283;11284;11285;11286;11287;11288;11289;11290;11291;11292;11293;11294;11295;11296;11297;11298;11299;11300;11301;11302;11303;11304;11305;11306;11307;11308;11309;11310;11311;11312;11313;11314;11315;11316;11317;11318;11319;11320;11321;11322;11323;11324;11325;11326;11327;11328;11329;11330;11331;11332;11333;11334;11335;11336;11337;11338;11339;11340;11341;11342;11343;11344;11345;11346;11347;11348;11349;11350;11351;11352;11353;11354;11355;11356;11357;11358;11359;11360;11361;11362;11363;11364;11365;11366;11367;11368;11369;11370;11371;11372;11373;11374;11375;11376;11379;11380;11381;11382;11383;11384;11385;11386;11387;11388;11389;11390;11391;11392;11393;11394;11395;11396;11397;11398;11399;11400;11401;11402;11403;11404;11406;11407;11408;11409;11410;11411;11412;11413;11414;11415;11416;11417;11418;11419;11420;11421;11422;11423;11424;11425;11426;11427;11428;11429;11430;11431;11432;11433;11434;11435;11436;11437;11438;11439;11440;11441;11442;11443;11444;11445;11446;11447;11448;11449;11450;11451;11452;11453;11454;11455;11456;11457;11458;11459;11460;11461;11462;11463;11464;11465;11466;11467;11468;11469;11470;11471;11472;11473;11474;11475;11476;11477;11478;11479;11480;11481;11482;11483;11484;11485;11486;11487;11488;11489;11490;11491;11492;11493;11494;11495;11496;11497;11498;11499;11500;11501;11502;11503;11504;11505;11506;11507;11508;11509;11510;11511;11512;11513;11514;11666;11667
300,1,30000
225,102,22500;22501;22502;22503;22504;22505;22506;22507;22508;22509;22510;22511;22512;22513;22514;22515;22516;22517;22518;22519;22520;22521;22522;22523;22524;22525;22526;22527;22528;22529;22530;22531;22532;22533;22534;22535;22536;22537;22538;22539;22540;22541;22542;22543;22544;22545;22546;22547;22548;22549;22550;22551;22552;22553;22554;22555;22556;22557;22558;22559;22560;22561;22562;22563;22564;22565;22566;22567;22568;22569;22570;22571;22572;22573;22574;22575;22576;22577;22578;22579;22580;22581;22582;22583;22584;22585;22586;22587;22588;22589;22590;22591;22592;22593;22594;22595;22596;22597;22598;22599;22600;22800
192,1,19200
196,82,19600;19601;19602;19603;19604;19605;19606;19607;19608;19609;19610;19611;19612;19613;19614;19615;19616;19617;19618;19619;19620;19621;19622;19623;19624;19626;19627;19628;19629;19630;19631;19632;19633;19634;19635;19636;19637;19638;19639;19640;19641;19642;19643;19644;19645;19646;19647;19648;19649;19650;19651;19652;19653;19654;19655;19656;19657;19658;19659;19665;19666;19667;19674;19676;19677;19678;19679;19680;19686;19687;19688;19689;19690;19691;19692;19693;19694;19695;19696;19697;19698;19699
70,80,7000;7001;7002;7003;7004;7005;7006;7007;7008;7009;7010;7011;7012;7013;7014;7015;7016;7017;7018;7019;7020;7021;7022;7023;7024;7025;7026;7027;7028;7029;7030;7031;7032;7033;7034;7035;7036;7037;7038;7039;7040;7041;7042;7043;7044;7045;7046;7047;7048;7049;7050;7051;7052;7053;7054;7055;7056;7057;7058;7059;7060;7061;7062;7063;7064;7065;7066;7067;7068;7069;7070;7071;7072;7073;7074;7075;7076;7077;7078;7079
35,100,3500;3501;3502;3503;3504;3505;3506;3507;3508;3509;3510;3511;3512;3513;3514;3515;3516;3517;3518;3519;3520;3521;3522;3523;3524;3525;3526;3527;3528;3529;3530;3531;3532;3533;3534;3535;3536;3537;3538;3539;3540;3541;3542;3543;3544;3545;3546;3547;3548;3549;3550;3551;3552;3553;3554;3555;3556;3557;3558;3559;3560;3561;3562;3563;3564;3565;3566;3567;3568;3569;3570;3571;3572;3573;3574;3575;3576;3577;3578;3579;3580;3581;3582;3583;3584;3585;3586;3587;3588;3589;3590;3591;3592;3593;3594;3595;3596;3597;3598;3599
42,99,4201;4202;4203;4204;4205;4206;4207;4208;4209;4210;4211;4212;4213;4214;4215;4216;4217;4218;4219;4220;4221;4222;4223;4224;4225;4226;4227;4228;4229;4230;4231;4232;4233;4234;4235;4236;4237;4238;4239;4240;4241;4242;4243;4244;4245;4246;4247;4248;4249;4250;4251;4252;4253;4254;4255;4256;4257;4258;4259;4260;4261;4262;4263;4264;4265;4266;4267;4268;4269;4270;4271;4272;4273;4274;4275;4276;4277;4278;4279;4280;4281;4282;4283;4284;4285;4286;4287;4288;4289;4290;4291;4292;4293;4294;4295;4296;4297;4298;4299
50,100,5000;5001;5002;5003;5004;5005;5006;5007;5008;5009;5010;5011;5012;5013;5014;5015;5016;5017;5018;5019;5020;5021;5022;5023;5024;5025;5026;5027;5028;5029;5030;5031;5032;5033;5034;5035;5036;5037;5038;5039;5040;5041;5042;5043;5044;5045;5046;5047;5048;5049;5050;5051;5052;5053;5054;5055;5056;5057;5058;5059;5060;5061;5062;5063;5064;5065;5066;5067;5068;5069;5070;5071;5072;5073;5074;5075;5076;5077;5078;5079;5080;5081;5082;5083;5084;5085;5086;5087;5088;5089;5090;5091;5092;5093;5094;5095;5096;5097;5098;5099
193,1,19300
302,67,30200;30201;30202;30203;30204;30205;30206;30207;30208;30209;30210;30211;30212;30213;30214;30215;30216;30217;30218;30219;30220;30221;30222;30223;30224;30225;30226;30227;30228;30229;30230;30231;30232;30233;30234;30235;30236;30237;30238;30239;30240;30241;30242;30243;30244;30245;30246;30247;30248;30249;30250;30251;30252;30253;30254;30255;30256;30257;30258;30259;30260;30261;30262;30263;30264;30265;30266
129,40,12900;12901;12902;12903;12904;12905;12906;12907;12908;12909;12910;12911;12912;12913;12914;12915;12916;12917;12918;12919;12920;12921;12922;12923;12924;12925;12926;12927;12928;12929;12930;12931;12932;12933;12934;12935;12936;12937;12938;12939
127,13,12700;12701;12702;12703;12704;12705;12706;12707;12708;12709;12710;12711;12712
47,81,4700;4701;4702;4703;4704;4705;4706;4707;4708;4709;4710;4711;4712;4713;4714;4715;4716;4717;4718;4719;4720;4721;4722;4723;4724;4725;4726;4727;4728;4729;4731;4732;4733;4734;4735;4736;4737;4741;4742;4743;4744;4745;4746;4747;4751;4752;4753;4754;4755;4756;4757;4761;4762;4763;4764;4765;4766;4767;4771;4772;4773;4774;4775;4776;4777;4781;4782;4783;4784;4785;4786;4787;4791;4792;4793;4794;4795;4796;4797;4798;4799
40,17,4000;4001;4002;4003;4004;4005;4006;4007;4008;4011;4012;4013;4014;4015;4016;4017;4018
117,65,11700;11701;11702;11703;11704;11705;11706;11707;11708;11709;11710;11711;11712;11713;11714;11715;11716;11717;11718;11719;11720;11721;11722;11723;11724;11725;11726;11727;11728;11729;11730;11731;11732;11733;11734;11735;11736;11737;11738;11739;11740;11741;11742;11743;11744;11745;11746;11747;11748;11749;11750;11751;11752;11753;11754;11755;11756;11757;11758;11759;11760;11761;11762;11763;11764
49,100,4900;4901;4902;4903;4904;4905;4906;4907;4908;4909;4910;4911;4912;4913;4914;4915;4916;4917;4918;4919;4920;4921;4922;4923;4924;4925;4926;4927;4928;4929;4930;4931;4932;4933;4934;4935;4936;4937;4938;4939;4940;4941;4942;4943;4944;4945;4946;4947;4948;4949;4950;4951;4952;4953;4954;4955;4956;4957;4958;4959;4960;4961;4962;4963;4964;4965;4966;4967;4968;4969;4970;4971;4972;4973;4974;4975;4976;4977;4978;4979;4980;4981;4982;4983;4984;4985;4986;4987;4988;4989;4990;4991;4992;4993;4994;4995;4996;4997;4998;4999
163,26,16300;16301;16302;16303;16304;16305;16306;16307;16308;16309;16310;16311;16312;16313;16314;16315;16316;16317;16318;16319;16320;16321;16322;16323;16324;16325
41,8,4101;4102;4103;4104;4105;4106;4107;4108
161,100,16100;16101;16102;16103;16104;16105;16106;16107;16108;16109;16110;16111;16112;16113;16114;16115;16116;16117;16118;16119;16120;16121;16122;16123;16124;16125;16126;16127;16128;16129;16130;16131;16132;16133;16134;16135;16136;16137;16138;16139;16140;16141;16142;16143;16144;16145;16146;16147;16148;16149;16150;16151;16152;16153;16154;16155;16156;16157;16158;16159;16160;16161;16162;16163;16164;16165;16166;16167;16168;16169;16170;16171;16172;16173;16174;16175;16176;16177;16178;16179;16180;16181;16182;16183;16184;16185;16186;16187;16188;16189;16190;16191;16192;16193;16194;16195;16196;16197;16198;16199
212,96,21200;21201;21202;21203;21204;21205;21206;21207;21208;21209;21210;21211;21212;21213;21214;21215;21216;21217;21218;21219;21220;21221;21222;21223;21224;21225;21226;21227;21228;21229;21230;21231;21232;21233;21234;21235;21236;21237;21238;21239;21240;21241;21242;21243;21244;21245;21246;21247;21248;21249;21251;21252;21253;21254;21255;21256;21257;21258;21259;21260;21261;21262;21263;21264;21265;21266;21267;21268;21269;21270;21271;21272;21273;21274;21275;21276;21277;21278;21279;21280;21281;21285;21286;21287;21288;21289;21290;21291;21292;21293;21294;21295;21296;21297;21298;21299
187,31,18700;18701;18702;18703;18704;18705;18706;18707;18708;18709;18710;18711;18712;18713;18714;18715;18716;18717;18718;18719;18720;18721;18722;18723;18724;18725;18726;18727;18728;18729;18730
143,27,14300;14301;14302;14303;14304;14305;14306;14307;14308;14309;14310;14311;14312;14313;14314;14315;14316;14317;14318;14319;14320;14321;14322;14323;14324;14325;14326
94,83,9401;9402;9403;9404;9405;9406;9407;9408;9409;9410;9411;9412;9413;9414;9415;9416;9417;9418;9419;9420;9421;9422;9423;9424;9425;9426;9427;9428;9429;9430;9431;9432;9433;9434;9435;9436;9437;9438;9439;9440;9441;9442;9443;9444;9445;9446;9447;9448;9449;9450;9451;9452;9453;9454;9455;9456;9457;9458;9459;9460;9461;9462;9463;9464;9465;9466;9467;9468;9469;9470;9471;9472;9473;9474;9475;9476;9477;9478;9479;9480;9481;9482;9483
141,35,14100;14101;14102;14103;14104;14105;14106;14107;14108;14109;14110;14111;14112;14120;14121;14122;14123;14124;14125;14126;14127;14130;14131;14132;14133;14150;14151;14190;14193;14194;14195;14196;14197;14198;14199
36,1,3600
198,1,19800
182,98,18200;18201;18202;18203;18204;18205;18206;18207;18208;18209;18210;18211;18212;18213;18214;18215;18216;18217;18218;18219;18220;18221;18222;18223;18224;18225;18226;18227;18228;18229;18230;18231;18232;18233;18234;18235;18236;18237;18238;18239;18240;18241;18242;18243;18244;18245;18246;18247;18248;18249;18250;18251;18252;18253;18254;18255;18256;18257;18258;18259;18260;18261;18262;18263;18264;18265;18266;18267;18268;18269;18270;18271;18272;18273;18274;18275;18276;18277;18278;18279;18280;18281;18282;18283;18284;18285;18286;18287;18288;18289;18290;18291;18292;18293;18294;18295;18296;18297
186,53,18600;18601;18602;18603;18604;18605;18606;18607;18608;18609;18610;18611;18612;18613;18614;18615;18616;18617;18618;18619;18620;18621;18622;18623;18624;18625;18626;18627;18628;18629;18630;18631;18632;18633;18634;18635;18636;18637;18638;18639;18640;18641;18642;18643;18644;18645;18646;18647;18648;18649;18650;18651;18652
52,46,5200;5201;5202;5203;5204;5205;5206;5207;5208;5209;5210;5211;5212;5213;5214;5215;5216;5217;5218;5219;5220;5221;5222;5223;5224;5225;5226;5227;5228;5229;5230;5231;5232;5233;5234;5235;5236;5237;5238;5239;5244;5254;5264;5274;5284;5294
91,724,9100;9101;9102;9103;9104;9105;9106;9107;9108;9109;9110;9111;9112;9113;9114;9115;9116;9117;9118;9119;9120;9121;9122;9123;9124;9125;9126;9127;9128;9129;9130;9131;9132;9133;9134;9135;9136;9137;9138;9139;9140;9141;9142;9143;9144;9145;9146;9147;9148;9149;9150;9151;9152;9153;9154;9155;9156;9157;9158;9159;9160;9161;9162;9163;9164;9165;9166;9167;9168;9169;9170;9171;9172;9173;9174;9175;9176;9177;9178;9179;9180;9181;9182;9183;9184;9185;9186;9187;9188;9189;9190;9191;9192;9193;9194;9195;9196;9197;9198;9199;9200;9201;9202;9203;9204;9205;9206;9207;9208;9209;9210;9211;9212;9213;9214;9215;9216;9217;9218;9219;9220;9221;9222;9223;9224;9225;9226;9227;9228;9229;9230;9231;9232;9233;9234;9235;9236;9237;9238;9239;9240;9241;9242;9243;9244;9245;9246;9247;9248;9249;9250;9251;9252;9253;9254;9255;9256;9257;9258;9259;9260;9261;9262;9263;9264;9265;9266;9267;9268;9269;9270;9271;9272;9273;9274;9275;9276;9301;9302;9303;9304;9305;9306;9307;9308;9309;9310;9311;9312;9313;9314;9315;9316;9317;9318;9319;9320;9321;9322;9323;9324;9325;9326;9327;9328;9329;9330;9331;9332;9333;9334;9335;9336;9337;9338;9339;9340;9341;9342;9343;9344;9345;9346;9347;9348;9349;9350;9351;9352;9353;9354;9355;9356;9357;9358;9359;9360;9361;9362;9363;9364;9365;9366;9367;9368;9369;9370;9371;9372;9373;9374;9375;9376;9377;9378;9379;9380;9381;9382;9383;9384;9385;9386;9387;9388;9389;9390;9401;9402;9403;9404;9405;9406;9407;9408;9409;9410;9411;9412;9413;9414;9415;9416;9417;9418;9419;9420;9421;9422;9423;9424;9425;9426;9427;9428;9429;9430;9431;9432;9433;9434;9435;9436;9437;9438;9439;9440;9441;9442;9443;9444;9445;9446;9447;9448;9449;9450;9451;9452;9453;9454;9455;9456;9457;9458;9459;9460;9461;9462;9463;9464;9465;9466;9467;9468;9469;9470;9471;9472;9473;9474;9475;9476;9477;9478;9479;9480;9481;9482;9483;9501;9502;9503;9504;9505;9506;9507;9508;9509;9510;9511;9512;9513;9514;9515;9516;9517;9518;9519;9520;9521;9522;9523;9524;9525;9526;9527;9528;9529;9530;9531;9532;9533;9534;9535;9536;9537;9538;9539;9540;9541;9542;9543;9544;9545;9546;9547;9548;9549;9550;9551;9552;9553;9554;9555;9556;9557;9558;9559;9560;9561;9562;9563;9564;9565;9566;9567;9568;9569;9570;9571;9572;9573;9574;9575;9576;9577;9578;9579;9580;9581;9582;9583;9584;9585;9586;9587;9588;9589;9590;9591;9592;9593;9594;9595;9596;9597;9598;9599;9600;9601;9602;9603;9604;9605;9606;9607;9608;9609;9610;9611;9612;9613;9614;9615;9616;9617;9618;9619;9620;9621;9622;9623;9624;9625;9626;9627;9628;9629;9630;9631;9632;9633;9634;9635;9636;9637;9638;9639;9640;9641;9642;9643;9644;9645;9646;9647;9648;9649;9650;9651;9652;9653;9654;9655;9656;9657;9658;9659;9660;9661;9662;9663;9664;9665;9666;9667;9668;9669;9670;9671;9672;9673;9674;9675;9676;9700;9701;9702;9703;9704;9705;9706;9707;9708;9709;9710;9711;9712;9713;9714;9715;9716;9717;9718;9719;9720;9721;9722;9723;9724;9725;9726;9727;9728;9729;9730;9731;9732;9733;9734;9735;9736;9737;9738;9739;9740;9741;9742;9743;9744;9745;9746;9747;9748;9749;9750;9751;9752;9753;9754;9755;9756;9757;9758;9759;9760;9761;9762;9763;9764;9765;9766;9767;9768;9769;9770;9771;9772;9773;9774;9775;9776;9777;9778;9779;9780;9781;9782;9783;9784;9785;9786;9787;9788;9789;9790;9791;9792;9793;9794;9795;9796;9797;9798;9799;9800;9801;9802;9803;9804;9805;9806;9807;9808;9809;9810;9811;9812;9813;9814;9815;9816;9817;9818;9819;9820;9821;9822;9823;9824;9825;9826;9827;9828;9829;9830;9831;9832;9833;9834;9835;9836;9837;9838;9839;9840;9841;9842;9843;9844;9845;9846;9847;9848;9849;9850;9851;9852;9853;9854;9855;9856;9857;9858;9859;9860;9861;9862;9863;9864;9865;9866;9867;9868;9869;9870;9871;9872;9873;9874;9875;9876;9877;9878;9879;9880;9881;9882;9883;9884;9885;9886;9887;9888;9889;9890;9891;9892;9893;9894;9895;9896;9897
191,75,19100;19101;19102;19103;19104;19105;19106;19107;19108;19109;19110;19111;19112;19113;19114;19115;19116;19117;19118;19119;19120;19121;19122;19123;19124;19125;19126;19127;19128;19129;19130;19131;19132;19133;19134;19135;19136;19137;19138;19139;19140;19141;19142;19143;19144;19145;19146;19147;19148;19149;19150;19151;19152;19153;19154;19155;19156;19157;19158;19159;19160;19161;19162;19163;19164;19165;19166;19167;19168;19169;19170;19171;19172;19173;19174
132,199,13200;13201;13202;13203;13204;13205;13206;13207;13208;13209;13210;13211;13212;13213;13214;13215;13216;13217;13218;13219;13220;13221;13222;13223;13224;13225;13226;13227;13228;13229;13230;13231;13232;13233;13234;13235;13236;13237;13238;13239;13240;13241;13242;13243;13244;13245;13246;13247;13248;13249;13250;13251;13252;13253;13254;13255;13256;13257;13258;13259;13260;13261;13262;13263;13264;13265;13266;13267;13268;13269;13270;13271;13272;13273;13274;13275;13276;13277;13278;13279;13280;13281;13282;13283;13284;13285;13286;13287;13288;13289;13290;13291;13292;13293;13294;13295;13296;13297;13298;13299;13300;13301;13302;13303;13304;13305;13306;13307;13308;13309;13310;13311;13312;13313;13314;13315;13316;13317;13318;13319;13320;13321;13322;13323;13324;13325;13326;13327;13328;13329;13330;13331;13332;13333;13334;13335;13336;13337;13338;13339;13340;13341;13342;13343;13344;13345;13346;13347;13348;13349;13350;13351;13352;13353;13354;13355;13356;13357;13358;13359;13360;13361;13362;13363;13364;13365;13366;13367;13368;13369;13370;13371;13372;13373;13374;13375;13376;13377;13378;13379;13380;13381;13382;13383;13384;13385;13386;13387;13388;13389;13390;13391;13392;13393;13394;13395;13396;13397;13398
124,100,12400;12401;12402;12403;12404;12405;12406;12407;12408;12409;12410;12411;12412;12413;12414;12415;12416;12417;12418;12419;12420;12421;12422;12423;12424;12425;12426;12427;12428;12429;12430;12431;12432;12433;12434;12435;12436;12437;12438;12439;12440;12441;12442;12443;12444;12445;12446;12447;12448;12449;12450;12451;12452;12453;12454;12455;12456;12457;12458;12459;12460;12461;12462;12463;12464;12465;12466;12467;12468;12469;12470;12471;12472;12473;12474;12475;12476;12477;12478;12479;12480;12481;12482;12483;12484;12485;12486;12487;12488;12489;12490;12491;12492;12493;12494;12495;12496;12497;12498;12499
158,100,15800;15801;15802;15803;15804;15805;15806;15807;15808;15809;15810;15811;15812;15813;15814;15815;15816;15817;15818;15819;15820;15821;15822;15823;15824;15825;15826;15827;15828;15829;15830;15831;15832;15833;15834;15835;15836;15837;15838;15839;15840;15841;15842;15843;15844;15845;15846;15847;15848;15849;15850;15851;15852;15853;15854;15855;15856;15857;15858;15859;15860;15861;15862;15863;15864;15865;15866;15867;15868;15869;15870;15871;15872;15873;15874;15875;15876;15877;15878;15879;15880;15881;15882;15883;15884;15885;15886;15887;15888;15889;15890;15891;15892;15893;15894;15895;15896;15897;15898;15899
142,26,14201;14202;14203;14204;14205;14206;14207;14208;14209;14210;14211;14212;14213;14214;14215;14216;14217;14218;14219;14220;14221;14222;14223;14224;14225;14299
21,100,2100;2101;2102;2103;2104;2105;2106;2107;2108;2109;2110;2111;2112;2113;2114;2115;2116;2117;2118;2119;2120;2121;2122;2123;2124;2125;2126;2127;2128;2129;2130;2131;2132;2133;2134;2135;2136;2137;2138;2139;2140;2141;2142;2143;2144;2145;2146;2147;2148;2149;2150;2151;2152;2153;2154;2155;2156;2157;2158;2159;2160;2161;2162;2163;2164;2165;2166;2167;2168;2169;2170;2171;2172;2173;2174;2175;2176;2177;2178;2179;2180;2181;2182;2183;2184;2185;2186;2187;2188;2189;2190;2191;2192;2193;2194;2195;2196;2197;2198;2199
99,67,9900;9901;9902;9903;9904;9905;9906;9907;9908;9909;9910;9911;9912;9913;9914;9915;9916;9917;9918;9919;9920;9921;9922;9923;9924;9925;9926;9927;9928;9929;9930;9931;9932;9933;9934;9935;9936;9937;9938;9939;9940;9941;9942;9943;9944;9945;9946;9947;9948;9949;9950;9951;9952;9953;9954;9960;9961;9962;9963;9964;9965;9966;9967;9968;9969;9970;9971
195,100,19500;19501;19502;19503;19504;19505;19506;19507;19508;19509;19510;19511;19512;19513;19514;19515;19516;19517;19518;19519;19520;19521;19522;19523;19524;19525;19526;19527;19528;19529;19530;19531;19532;19533;19534;19535;19536;19537;19538;19539;19540;19541;19542;19543;19544;19545;19546;19547;19548;19549;19550;19551;19552;19553;19554;19555;19556;19557;19558;19559;19560;19561;19562;19563;19564;19565;19566;19567;19568;19569;19570;19571;19572;19573;19574;19575;19576;19577;19578;19579;19580;19581;19582;19583;19584;19585;19586;19587;19588;19589;19590;19591;19592;19593;19594;19595;19596;19597;19598;19599
162,53,16200;16201;16202;16203;16204;16205;16206;16207;16208;16209;16210;16211;16212;16213;16214;16215;16216;16217;16218;16219;16220;16221;16222;16223;16224;16225;16226;16227;16228;16229;16230;16231;16250;16251;16252;16253;16254;16255;16256;16257;16258;16259;16260;16261;16262;16263;16264;16265;16266;16267;16271;16272;16273
95,176,9501;9502;9503;9504;9505;9506;9507;9508;9509;9510;9511;9512;9513;9514;9515;9516;9517;9518;9519;9520;9521;9522;9523;9524;9525;9526;9527;9528;9529;9530;9531;9532;9533;9534;9535;9536;9537;9538;9539;9540;9541;9542;9543;9544;9545;9546;9547;9548;9549;9550;9551;9552;9553;9554;9555;9556;9557;9558;9559;9560;9561;9562;9563;9564;9565;9566;9567;9568;9569;9570;9571;9572;9573;9574;9575;9576;9577;9578;9579;9580;9581;9582;9583;9584;9585;9586;9587;9588;9589;9590;9591;9592;9593;9594;9595;9596;9597;9598;9599;9600;9601;9602;9603;9604;9605;9606;9607;9608;9609;9610;9611;9612;9613;9614;9615;9616;9617;9618;9619;9620;9621;9622;9623;9624;9625;9626;9627;9628;9629;9630;9631;9632;9633;9634;9635;9636;9637;9638;9639;9640;9641;9642;9643;9644;9645;9646;9647;9648;9649;9650;9651;9652;9653;9654;9655;9656;9657;9658;9659;9660;9661;9662;9663;9664;9665;9666;9667;9668;9669;9670;9671;9672;9673;9674;9675;9676
31,199,3100;3101;3102;3103;3104;3105;3106;3107;3108;3109;3110;3111;3112;3113;3114;3115;3116;3117;3118;3119;3120;3121;3122;3123;3124;3125;3126;3127;3128;3129;3130;3131;3132;3133;3134;3135;3136;3137;3138;3139;3140;3141;3142;3143;3144;3145;3146;3147;3148;3149;3150;3151;3152;3153;3154;3155;3156;3157;3158;3159;3160;3161;3162;3163;3164;3165;3166;3167;3168;3169;3170;3171;3172;3173;3174;3175;3176;3177;3178;3179;3180;3181;3182;3183;3184;3185;3186;3187;3188;3189;3190;3191;3192;3193;3194;3195;3196;3197;3198;3199;3200;3201;3202;3203;3204;3205;3206;3207;3208;3209;3210;3211;3212;3213;3214;3215;3216;3217;3218;3219;3220;3221;3222;3223;3224;3225;3226;3227;3228;3229;3230;3231;3232;3233;3234;3235;3236;3237;3238;3239;3240;3241;3242;3243;3244;3245;3246;3247;3248;3249;3250;3251;3252;3253;3254;3255;3256;3257;3258;3259;3260;3262;3263;3264;3265;3266;3267;3268;3269;3270;3271;3272;3273;3274;3275;3276;3277;3278;3279;3280;3281;3282;3283;3284;3285;3286;3287;3288;3289;3290;3291;3292;3293;3294;3295;3296;3297;3298;3299
0,17,0;1;3;4;5;7;23;33;34;41;42;43;44;45;69;72;90
33,62,3300;3301;3302;3303;3304;3305;3306;3307;3308;3309;3310;3311;3312;3313;3314;3315;3316;3317;3318;3319;3320;3321;3322;3323;3324;3325;3326;3327;3328;3329;3330;3331;3332;3333;3334;3335;3336;3337;3338;3339;3340;3341;3342;3343;3344;3345;3346;3347;3348;3349;3350;3351;3352;3353;3354;3355;3356;3357;3358;3359;3360;3361
200,226,20000;20001;20002;20003;20004;20005;20006;20007;20008;20009;20010;20011;20012;20013;20014;20015;20016;20017;20018;20019;20020;20021;20022;20023;20024;20025;20026;20027;20028;20029;20030;20031;20032;20033;20034;20035;20036;20037;20038;20039;20040;20041;20042;20043;20044;20045;20046;20047;20048;20049;20050;20051;20052;20053;20054;20055;20056;20057;20058;20059;20060;20061;20062;20063;20064;20065;20066;20067;20068;20069;20070;20071;20072;20073;20074;20075;20076;20077;20078;20079;20080;20081;20082;20083;20084;20085;20086;20087;20088;20089;20090;20091;20092;20093;20094;20095;20096;20097;20098;20099;20100;20101;20102;20103;20104;20105;20106;20107;20108;20109;20110;20111;20112;20113;20114;20115;20116;20117;20118;20119;20120;20121;20122;20123;20124;20125;20126;20127;20128;20129;20130;20131;20132;20133;20134;20135;20136;20137;20138;20139;20140;20141;20142;20143;20144;20145;20146;20147;20148;20149;20150;20151;20152;20153;20154;20155;20156;20157;20158;20159;20160;20161;20162;20163;20164;20165;20166;20167;20168;20169;20170;20171;20172;20173;20174;20175;20176;20177;20178;20179;20180;20181;20182;20183;20184;20185;20186;20187;20188;20189;20190;20191;20192;20193;20194;20195;20196;20197;20198;20199;20200;20201;20202;20203;20204;20205;20206;20207;20208;20209;20210;20211;20212;20213;20214;20215;20216;20217;20218;20219;20220;20221;20222;20223;20224;20225
34,1,3400
184,184,18400;18401;18402;18403;18404;18405;18406;18407;18408;18409;18410;18411;18412;18413;18414;18415;18416;18417;18418;18419;18420;18421;18422;18423;18424;18425;18426;18427;18428;18429;18430;18431;18432;18433;18434;18435;18436;18437;18438;18439;18440;18441;18442;18443;18444;18445;18446;18447;18448;18449;18450;18451;18452;18453;18454;18455;18456;18457;18458;18459;18460;18461;18462;18463;18464;18465;18466;18467;18468;18469;18470;18471;18472;18473;18474;18475;18476;18477;18478;18479;18480;18481;18482;18483;18484;18485;18486;18487;18488;18489;18490;18491;18492;18493;18494;18495;18496;18497;18498;18499;18500;18501;18502;18503;18504;18505;18506;18507;18508;18509;18510;18511;18512;18513;18514;18515;18516;18517;18518;18519;18520;18521;18522;18523;18524;18525;18526;18527;18528;18529;18530;18531;18532;18533;18534;18535;18536;18537;18538;18539;18540;18541;18542;18543;18544;18545;18546;18547;18548;18549;18550;18551;18552;18553;18554;18555;18556;18557;18558;18559;18560;18561;18562;18563;18564;18565;18566;18567;18568;18569;18570;18571;18572;18573;18574;18575;18576;18577;18578;18579;18580;18581;18582;18583
188,61,18800;18801;18802;18803;18804;18805;18806;18807;18808;18809;18810;18811;18812;18813;18814;18815;18816;18817;18818;18819;18820;18821;18822;18823;18824;18825;18826;18827;18828;18829;18830;18831;18832;18833;18834;18835;18836;18837;18838;18839;18840;18841;18842;18843;18844;18845;18846;18847;18848;18849;18850;18851;18852;18853;18854;18855;18856;18857;18858;18859;18860
51,63,5100;5101;5102;5103;5104;5105;5110;5111;5112;5113;5114;5115;5120;5121;5122;5123;5124;5125;5130;5131;5132;5133;5134;5135;5140;5141;5142;5143;5144;5145;5150;5151;5152;5153;5154;5155;5160;5161;5162;5163;5164;5165;5170;5171;5172;5173;5174;5175;5180;5181;5182;5183;5184;5185;5190;5191;5192;5193;5194;5195;5196;5197;5198
45,68,4500;4501;4502;4503;4504;4505;4506;4507;4508;4509;4510;4511;4512;4513;4514;4515;4516;4517;4518;4519;4520;4521;4522;4523;4524;4525;4526;4527;4528;4529;4530;4531;4532;4533;4534;4535;4536;4537;4538;4539;4540;4541;4542;4543;4544;4545;4546;4547;4548;4549;4550;4551;4552;4553;4554;4555;4556;4557;4558;4559;4560;4561;4562;4563;4564;4565;4566;4567
128,46,12832;12833;12834;12835;12836;12837;12838;12839;12840;12841;12842;12843;12844;12845;12846;12847;12848;12849;12850;12851;12852;12853;12854;12855;12856;12857;12858;12859;12860;12861;12862;12863;12864;12865;12866;12867;12868;12869;12870;12871;12872;12873;12874;12875;12876;12877
301,71,30100;30101;30102;30103;30104;30105;30106;30107;30108;30109;30110;30111;30112;30113;30114;30115;30116;30117;30118;30119;30120;30121;30122;30123;30124;30125;30126;30127;30128;30129;30130;30131;30132;30133;30134;30135;30136;30137;30138;30139;30140;30141;30142;30143;30144;30145;30146;30147;30148;30149;30150;30151;30152;30153;30154;30155;30156;30157;30158;30159;30160;30161;30162;30163;30164;30165;30166;30167;30168;30169;30170
203,899,20300;20301;20302;20303;20304;20305;20306;20307;20308;20309;20310;20311;20312;20313;20314;20315;20316;20317;20318;20319;20320;20321;20323;20324;20325;20326;20327;20328;20329;20330;20331;20332;20333;20334;20335;20336;20337;20338;20339;20340;20341;20342;20343;20344;20345;20346;20347;20348;20349;20350;20351;20352;20353;20354;20355;20356;20357;20358;20359;20360;20361;20362;20363;20364;20365;20366;20367;20368;20369;20370;20371;20372;20373;20374;20375;20376;20377;20378;20379;20380;20381;20382;20383;20384;20385;20386;20387;20388;20389;20390;20391;20392;20393;20394;20395;20396;20397;20398;20399;20400;20401;20402;20403;20404;20405;20406;20407;20408;20409;20410;20411;20412;20413;20414;20415;20416;20417;20418;20419;20420;20421;20422;20423;20424;20425;20426;20427;20428;20429;20430;20431;20432;20433;20434;20435;20436;20437;20438;20439;20440;20441;20442;20443;20444;20445;20446;20447;20448;20449;20450;20451;20452;20453;20454;20455;20456;20457;20458;20459;20460;20461;20462;20463;20464;20465;20466;20467;20468;20469;20470;20471;20472;20473;20474;20475;20476;20477;20478;20479;20480;20481;20482;20483;20484;20485;20486;20487;20488;20489;20490;20491;20492;20493;20494;20495;20496;20497;20498;20499;20500;20501;20502;20503;20504;20505;20506;20507;20508;20509;20510;20511;20512;20513;20514;20515;20516;20517;20518;20519;20520;20521;20522;20523;20524;20525;20526;20527;20528;20529;20530;20531;20532;20533;20534;20535;20536;20537;20538;20539;20540;20541;20542;20543;20544;20545;20546;20547;20548;20549;20550;20551;20552;20553;20554;20555;20556;20557;20558;20559;20560;20561;20562;20563;20564;20565;20566;20567;20568;20569;20570;20571;20572;20573;20574;20575;20576;20577;20578;20579;20580;20581;20582;20583;20584;20585;20586;20587;20588;20589;20590;20591;20592;20593;20594;20595;20596;20597;20598;20599;20600;20601;20602;20603;20604;20605;20606;20607;20608;20609;20610;20611;20612;20613;20614;20615;20616;20617;20618;20619;20620;20621;20622;20623;20624;20625;20626;20627;20628;20629;20630;20631;20632;20633;20634;20635;20636;20637;20638;20639;20640;20641;20642;20643;20644;20645;20646;20647;20648;20649;20650;20651;20652;20653;20654;20655;20656;20657;20658;20659;20660;20661;20662;20663;20664;20665;20666;20667;20668;20669;20670;20671;20672;20673;20674;20675;20676;20677;20678;20679;20680;20681;20682;20683;20684;20685;20686;20687;20688;20689;20690;20691;20692;20693;20694;20695;20696;20697;20698;20699;20700;20701;20702;20703;20704;20705;20706;20707;20708;20709;20710;20711;20712;20713;20714;20715;20716;20717;20718;20719;20720;20721;20722;20723;20724;20725;20726;20727;20728;20729;20730;20731;20732;20733;20734;20735;20736;20737;20738;20739;20740;20741;20742;20743;20744;20745;20746;20747;20748;20749;20750;20751;20752;20753;20754;20755;20756;20757;20758;20759;20760;20761;20762;20763;20764;20765;20766;20767;20768;20769;20770;20771;20772;20773;20774;20775;20776;20777;20778;20779;20780;20781;20782;20783;20784;20785;20786;20787;20788;20789;20790;20791;20792;20793;20794;20795;20796;20797;20798;20799;20800;20801;20802;20803;20804;20805;20806;20807;20808;20809;20810;20811;20812;20813;20814;20815;20816;20817;20818;20819;20820;20821;20822;20823;20824;20825;20826;20827;20828;20829;20830;20831;20832;20833;20834;20835;20836;20837;20838;20839;20840;20841;20842;20843;20844;20845;20846;20847;20848;20849;20850;20851;20852;20853;20854;20855;20856;20857;20858;20859;20860;20861;20862;20863;20864;20865;20866;20867;20868;20869;20870;20871;20872;20873;20874;20875;20876;20877;20878;20879;20880;20881;20882;20883;20884;20885;20886;20887;20888;20889;20890;20891;20892;20893;20894;20895;20896;20897;20898;20899;20900;20901;20902;20903;20904;20905;20906;20907;20908;20909;20910;20911;20912;20913;20914;20915;20916;20917;20918;20919;20920;20921;20922;20923;20924;20925;20926;20927;20928;20929;20930;20931;20932;20933;20934;20935;20936;20937;20938;20939;20940;20941;20942;20943;20944;20945;20946;20947;20948;20949;20950;20951;20952;20953;20954;20955;20956;20957;20958;20959;20960;20961;20962;20963;20964;20965;20966;20967;20968;20969;20970;20971;20972;20973;20974;20975;20976;20977;20978;20979;20980;20981;20982;20983;20984;20985;20986;20987;20988;20989;20990;20991;20992;20993;20994;20995;20996;20997;20998;20999;21000;21001;21002;21003;21004;21005;21006;21007;21008;21009;21010;21011;21012;21013;21014;21015;21016;21017;21018;21019;21020;21021;21022;21023;21024;21025;21026;21027;21028;21029;21030;21031;21032;21033;21034;21035;21036;21037;21038;21039;21040;21041;21042;21043;21044;21045;21046;21047;21048;21049;21050;21051;21052;21053;21054;21055;21056;21057;21058;21059;21060;21061;21062;21063;21064;21065;21066;21067;21068;21069;21070;21071;21072;21073;21074;21075;21076;21077;21078;21079;21080;21081;21082;21083;21084;21085;21086;21087;21088;21089;21090;21091;21092;21093;21094;21095;21096;21097;21098;21099;21100;21101;21102;21103;21104;21105;21106;21107;21108;21109;21110;21111;21112;21113;21114;21115;21116;21117;21118;21119;21120;21121;21122;21123;21124;21125;21126;21127;21128;21129;21130;21131;21132;21133;21134;21135;21136;21137;21138;21139;21140;21141;21142;21143;21144;21145;21146;21147;21148;21149;21150;21151;21152;21153;21154;21155;21156;21157;21158;21159;21160;21161;21162;21163;21164;21165;21166;21167;21168;21169;21170;21171;21172;21173;21174;21175;21176;21177;21178;21179;21180;21181;21182;21183;21184;21185;21186;21187;21188;21189;21190;21191;21192;21193;21194;21195;21196;21197;21198;21199
145,32,14500;14501;14502;14503;14504;14505;14506;14507;14508;14509;14510;14511;14512;14513;14514;14515;14516;14517;14518;14519;14520;14521;14522;14523;14524;14525;14526;14527;14528;14529;14530;14531
214,899,21401;21402;21403;21404;21405;21406;21407;21408;21409;21410;21411;21412;21413;21414;21415;21416;21417;21418;21419;21420;21421;21422;21423;21424;21425;21426;21427;21428;21429;21430;21431;21432;21433;21434;21435;21436;21437;21438;21439;21440;21441;21442;21443;21444;21445;21446;21447;21448;21449;21450;21451;21452;21453;21454;21455;21456;21457;21458;21459;21460;21461;21462;21463;21464;21465;21466;21467;21468;21469;21470;21471;21472;21473;21474;21475;21476;21477;21478;21479;21480;21481;21482;21483;21484;21485;21486;21487;21488;21489;21490;21491;21492;21493;21494;21495;21496;21497;21498;21499;21500;21501;21502;21503;21504;21505;21506;21507;21508;21509;21510;21511;21512;21513;21514;21515;21516;21517;21518;21519;21520;21521;21522;21523;21524;21525;21526;21527;21528;21529;21530;21531;21532;21533;21534;21535;21536;21537;21538;21539;21540;21541;21542;21543;21544;21545;21546;21547;21548;21549;21550;21551;21552;21553;21554;21555;21556;21557;21558;21559;21560;21561;21562;21563;21564;21565;21566;21567;21568;21569;21570;21571;21572;21573;21574;21575;21576;21577;21578;21579;21580;21581;21582;21583;21584;21585;21586;21587;21588;21589;21590;21591;21592;21593;21594;21595;21596;21597;21598;21599;21600;21601;21602;21603;21604;21605;21606;21607;21608;21609;21610;21611;21612;21613;21614;21615;21616;21617;21618;21619;21620;21621;21622;21623;21624;21625;21626;21627;21628;21629;21630;21631;21632;21633;21634;21635;21636;21637;21638;21639;21640;21641;21642;21643;21644;21645;21646;21647;21648;21649;21650;21651;21652;21653;21654;21655;21656;21657;21658;21659;21660;21661;21662;21663;21664;21665;21666;21667;21668;21669;21670;21671;21672;21673;21674;21675;21676;21677;21678;21679;21680;21681;21682;21683;21684;21685;21686;21687;21688;21689;21690;21691;21692;21693;21694;21695;21696;21697;21698;21699;21700;21701;21702;21703;21704;21705;21706;21707;21708;21709;21710;21711;21712;21713;21714;21715;21716;21717;21718;21719;21720;21721;21722;21723;21724;21725;21726;21727;21728;21729;21730;21731;21732;21733;21734;21735;21736;21737;21738;21739;21740;21741;21742;21743;21744;21745;21746;21747;21748;21749;21750;21751;21752;21753;21754;21755;21756;21757;21758;21759;21760;21761;21762;21763;21764;21765;21766;21767;21768;21769;21770;21771;21772;21773;21774;21775;21776;21777;21778;21779;21780;21781;21782;21783;21784;21785;21786;21787;21788;21789;21790;21791;21792;21793;21794;21795;21796;21797;21798;21799;21800;21801;21802;21803;21804;21805;21806;21807;21808;21809;21810;21811;21812;21813;21814;21815;21816;21817;21818;21819;21820;21821;21822;21823;21824;21825;21826;21827;21828;21829;21830;21831;21832;21833;21834;21835;21836;21837;21838;21839;21840;21841;21842;21843;21844;21845;21846;21847;21848;21849;21850;21851;21852;21853;21854;21855;21856;21857;21858;21859;21860;21861;21862;21863;21864;21865;21866;21867;21868;21869;21870;21871;21872;21873;21874;21875;21876;21877;21878;21879;21880;21881;21882;21883;21884;21885;21886;21887;21888;21889;21890;21891;21892;21893;21894;21895;21896;21897;21898;21899;21900;21901;21902;21903;21904;21905;21906;21907;21908;21909;21910;21911;21912;21913;21914;21915;21916;21917;21918;21919;21920;21921;21922;21923;21924;21925;21926;21927;21928;21929;21930;21931;21932;21933;21934;21935;21936;21937;21938;21939;21940;21941;21942;21943;21944;21945;21946;21947;21948;21949;21950;21951;21952;21953;21954;21955;21956;21957;21958;21959;21960;21961;21962;21963;21964;21965;21966;21967;21968;21969;21970;21971;21972;21973;21974;21975;21976;21977;21978;21979;21980;21981;21982;21983;21984;21985;21986;21987;21988;21989;21990;21991;21992;21993;21994;21995;21996;21997;21998;21999;22000;22001;22002;22003;22004;22005;22006;22007;22008;22009;22010;22011;22012;22013;22014;22015;22016;22017;22018;22019;22020;22021;22022;22023;22024;22025;22026;22027;22028;22029;22030;22031;22032;22033;22034;22035;22036;22037;22038;22039;22040;22041;22042;22043;22044;22045;22046;22047;22048;22049;22050;22051;22052;22053;22054;22055;22056;22057;22058;22059;22060;22061;22062;22063;22064;22065;22066;22067;22068;22069;22070;22071;22072;22073;22074;22075;22076;22077;22078;22079;22080;22081;22082;22083;22084;22085;22086;22087;22088;22089;22090;22091;22092;22093;22094;22095;22096;22097;22098;22099;22100;22101;22102;22103;22104;22105;22106;22107;22108;22109;22110;22111;22112;22113;22114;22115;22116;22117;22118;22119;22120;22121;22122;22123;22124;22125;22126;22127;22128;22129;22130;22131;22132;22133;22134;22135;22136;22137;22138;22139;22140;22141;22142;22143;22144;22145;22146;22147;22148;22149;22150;22151;22152;22153;22154;22155;22156;22157;22158;22159;22160;22161;22162;22163;22164;22165;22166;22167;22168;22169;22170;22171;22172;22173;22174;22175;22176;22177;22178;22179;22180;22181;22182;22183;22184;22185;22186;22187;22188;22189;22190;22191;22192;22193;22194;22195;22196;22197;22198;22199;22200;22201;22202;22203;22204;22205;22206;22207;22208;22209;22210;22211;22212;22213;22214;22215;22216;22217;22218;22219;22220;22221;22222;22223;22224;22225;22226;22227;22228;22229;22230;22231;22232;22233;22234;22235;22236;22237;22238;22239;22240;22241;22242;22243;22244;22245;22246;22247;22248;22249;22250;22251;22252;22253;22254;22255;22256;22257;22258;22259;22260;22261;22262;22263;22264;22265;22266;22267;22268;22269;22270;22271;22272;22273;22274;22275;22276;22277;22278;22279;22280;22281;22282;22283;22284;22285;22286;22287;22288;22289;22290;22291;22292;22293;22294;22295;22296;22297;22298;22299
43,34,4300;4301;4302;4303;4304;4305;4306;4307;4308;4310;4311;4312;4313;4314;4315;4316;4317;4318;4319;4322;4323;4324;4325;4326;4327;4328;4329;4330;4331;4340;4341;4342;4343;4350
213,67,21300;21301;21302;21303;21304;21305;21306;21307;21308;21309;21310;21311;21312;21313;21314;21315;21316;21317;21318;21319;21320;21321;21322;21323;21324;21325;21326;21327;21328;21329;21330;21331;21332;21333;21334;21335;21336;21337;21338;21339;21340;21341;21342;21343;21344;21345;21346;21347;21348;21349;21350;21351;21352;21353;21354;21355;21356;21357;21358;21359;21360;21361;21362;21363;21364;21365;21366
10,2,1000;1002
79,3,7900;7901;7918
100,39,10011;10012;10013;10014;10015;10016;10017;10018;10019;10020;10021;10022;10023;10024;10025;10026;10027;10028;10029;10030;10031;10032;10033;10034;10035;10036;10037;10038;10039;10040;10041;10042;10043;10044;10045;10046;10047;10048;10049
46,100,4600;4601;4602;4603;4604;4605;4606;4607;4608;4609;4610;4611;4612;4613;4614;4615;4616;4617;4618;4619;4620;4621;4622;4623;4624;4625;4626;4627;4628;4629;4630;4631;4632;4633;4634;4635;4636;4637;4638;4639;4640;4641;4642;4643;4644;4645;4646;4647;4648;4649;4650;4651;4652;4653;4654;4655;4656;4657;4658;4659;4660;4661;4662;4663;4664;4665;4666;4667;4668;4669;4670;4671;4672;4673;4674;4675;4676;4677;4678;4679;4680;4681;4682;4683;4684;4685;4686;4687;4688;4689;4690;4691;4692;4693;4694;4695;4696;4697;4698;4699
93,90,9301;9302;9303;9304;9305;9306;9307;9308;9309;9310;9311;9312;9313;9314;9315;9316;9317;9318;9319;9320;9321;9322;9323;9324;9325;9326;9327;9328;9329;9330;9331;9332;9333;9334;9335;9336;9337;9338;9339;9340;9341;9342;9343;9344;9345;9346;9347;9348;9349;9350;9351;9352;9353;9354;9355;9356;9357;9358;9359;9360;9361;9362;9363;9364;9365;9366;9367;9368;9369;9370;9371;9372;9373;9374;9375;9376;9377;9378;9379;9380;9381;9382;9383;9384;9385;9386;9387;9388;9389;9390
223,57,22300;22301;22302;22303;22304;22305;22306;22307;22308;22309;22310;22311;22312;22313;22314;22315;22316;22317;22318;22319;22320;22321;22322;22323;22324;22325;22326;22327;22328;22329;22330;22331;22332;22333;22334;22350;22351;22352;22353;22354;22355;22356;22357;22358;22359;22360;22361;22362;22363;22364;22365;22366;22367;22368;22369;22370;22371
150,53,15002;15003;15004;15005;15006;15007;15008;15009;15010;15011;15012;15013;15014;15015;15016;15017;15018;15019;15020;15021;15022;15023;15024;15025;15026;15027;15028;15029;15030;15031;15032;15033;15034;15035;15036;15037;15038;15039;15040;15041;15042;15043;15044;15045;15046;15047;15048;15049;15050;15051;15052;15053;15054
27,373,2700;2701;2702;2703;2704;2705;2706;2707;2708;2709;2710;2711;2712;2713;2714;2715;2716;2717;2718;2719;2720;2721;2722;2723;2724;2725;2726;2727;2728;2729;2730;2731;2732;2733;2734;2735;2736;2737;2738;2739;2740;2741;2742;2743;2744;2745;2746;2747;2748;2749;2750;2751;2752;2753;2754;2755;2756;2757;2758;2759;2760;2761;2762;2763;2764;2765;2766;2767;2768;2769;2770;2771;2772;2773;2774;2775;2776;2777;2778;2779;2780;2781;2782;2783;2784;2785;2786;2787;2788;2789;2790;2791;2792;2793;2794;2795;2796;2797;2798;2799;2800;2801;2802;2803;2804;2805;2806;2807;2808;2809;2810;2811;2812;2813;2814;2815;2816;2817;2818;2819;2820;2821;2822;2823;2824;2825;2826;2827;2828;2829;2830;2831;2832;2833;2834;2835;2836;2837;2838;2839;2840;2841;2842;2843;2844;2845;2846;2847;2848;2849;2850;2851;2852;2853;2854;2855;2856;2857;2858;2859;2860;2861;2862;2863;2864;2865;2866;2867;2868;2869;2870;2871;2872;2873;2874;2875;2876;2877;2878;2879;2880;2881;2882;2883;2884;2885;2886;2887;2888;2889;2890;2891;2892;2893;2894;2895;2896;2897;2898;2899;2900;2901;2902;2903;2904;2905;2906;2907;2908;2909;2910;2911;2912;2913;2914;2915;2916;2917;2918;2919;2920;2921;2922;2923;2924;2925;2926;2927;2928;2929;2930;2931;2932;2933;2934;2935;2936;2937;2938;2939;2940;2941;2942;2943;2944;2945;2946;2947;2948;2949;2950;2951;2952;2953;2954;2955;2956;2957;2958;2959;2960;2961;2962;2963;2964;2965;2966;2967;2968;2969;2970;2971;2972;2973;2974;2975;2976;2977;2978;2979;2980;2981;2982;2983;2984;2985;2986;2987;2988;2989;2990;2991;2992;2993;2994;2995;2996;2997;2998;2999;3000;3001;3002;3003;3004;3005;3006;3007;3008;3009;3010;3011;3012;3013;3014;3015;3016;3017;3018;3019;3020;3021;3022;3023;3024;3025;3026;3027;3028;3029;3030;3031;3032;3033;3034;3035;3036;3037;3038;3039;3040;3041;3042;3043;3044;3045;3046;3047;3048;3049;3050;3051;3052;3053;3054;3055;3056;3057;3058;3059;3060;3061;3062;3063;3064;3065;3066;3067;3068;3069;3070;3071;3072
122,135,12201;12202;12203;12204;12205;12206;12207;12208;12209;12210;12211;12212;12213;12214;12215;12216;12217;12218;12219;12220;12221;12222;12223;12224;12225;12226;12227;12228;12229;12230;12231;12232;12233;12234;12235;12236;12237;12238;12239;12240;12241;12242;12243;12244;12245;12246;12247;12248;12249;12250;12251;12252;12253;12254;12255;12256;12257;12258;12259;12260;12261;12262;12263;12264;12265;12266;12267;12268;12269;12270;12271;12272;12273;12274;12275;12276;12277;12278;12279;12280;12281;12282;12283;12284;12285;12286;12287;12288;12289;12290;12291;12292;12293;12294;12295;12296;12297;12298;12299;12300;12301;12302;12303;12304;12305;12306;12307;12308;12309;12310;12311;12312;12313;12314;12315;12316;12317;12318;12319;12320;12321;12322;12323;12324;12325;12326;12327;12328;12329;12330;12331;12332;12333;12334;12335
160,82,16000;16001;16002;16003;16004;16005;16006;16007;16008;16009;16010;16011;16012;16013;16014;16015;16016;16017;16018;16019;16020;16021;16022;16023;16024;16025;16026;16027;16028;16029;16030;16031;16032;16033;16034;16035;16036;16037;16038;16039;16040;16041;16042;16043;16044;16045;16046;16047;16048;16049;16050;16051;16052;16053;16054;16055;16056;16057;16058;16059;16060;16061;16062;16063;16064;16065;16066;16067;16068;16069;16070;16071;16072;16073;16074;16075;16076;16077;16078;16079;16080;16081
197,95,19700;19701;19702;19703;19704;19705;19706;19707;19708;19709;19710;19711;19712;19713;19714;19715;19716;19717;19718;19719;19720;19721;19722;19723;19724;19725;19726;19727;19728;19729;19730;19731;19732;19733;19734;19735;19736;19737;19738;19739;19740;19741;19742;19743;19744;19745;19746;19747;19748;19749;19750;19751;19752;19753;19754;19755;19756;19757;19758;19759;19760;19761;19762;19763;19764;19765;19766;19767;19768;19769;19770;19771;19772;19773;19774;19775;19776;19777;19778;19779;19780;19781;19782;19783;19784;19785;19786;19787;19788;19789;19790;19791;19792;19793;19794
303,5,30300;30301;30302;30303;30304
121,84,12100;12101;12102;12103;12104;12105;12106;12107;12108;12109;12110;12111;12112;12113;12114;12115;12116;12117;12118;12119;12120;12121;12122;12123;12124;12125;12126;12127;12128;12129;12130;12131;12132;12133;12134;12135;12136;12137;12138;12139;12140;12141;12142;12143;12144;12145;12146;12147;12148;12149;12150;12151;12152;12153;12154;12155;12156;12157;12158;12159;12160;12161;12162;12163;12164;12165;12166;12167;12168;12169;12170;12171;12172;12173;12174;12175;12176;12177;12178;12179;12180;12181;12182;12183
12,10,1202;1204;1205;1293;1294;1295;1296;1297;1298;1299
126,98,12600;12601;12602;12603;12604;12605;12606;12607;12608;12609;12610;12611;12612;12613;12614;12615;12616;12617;12618;12619;12620;12621;12622;12623;12624;12627;12628;12629;12630;12631;12632;12633;12634;12635;12636;12637;12638;12639;12640;12641;12642;12643;12644;12645;12646;12647;12648;12649;12650;12651;12652;12653;12654;12655;12656;12657;12658;12659;12660;12661;12662;12663;12664;12665;12666;12667;12668;12669;12670;12671;12672;12673;12674;12675;12676;12677;12678;12679;12680;12681;12682;12683;12684;12685;12686;12687;12688;12689;12690;12691;12692;12693;12694;12695;12696;12697;12698;12699
164,12,16400;16401;16402;16403;16404;16405;16406;16407;16408;16409;16410;16499
13,97,1300;1301;1302;1303;1304;1305;1306;1307;1308;1309;1310;1311;1312;1313;1314;1315;1316;1317;1318;1319;1320;1321;1322;1323;1324;1325;1326;1327;1328;1329;1330;1331;1332;1333;1334;1335;1336;1337;1338;1339;1340;1341;1342;1343;1344;1345;1346;1347;1348;1349;1350;1351;1352;1353;1354;1355;1356;1357;1358;1359;1360;1361;1362;1363;1364;1365;1366;1367;1368;1369;1370;1371;1372;1373;1374;1375;1376;1377;1378;1379;1380;1381;1382;1383;1384;1385;1386;1387;1388;1389;1390;1391;1392;1393;1394;1395;1396
85,49,8500;8501;8502;8503;8504;8505;8506;8507;8508;8509;8510;8511;8512;8513;8514;8515;8516;8517;8518;8519;8520;8521;8522;8523;8524;8525;8526;8527;8528;8529;8530;8531;8532;8533;8534;8535;8536;8537;8538;8539;8550;8551;8552;8553;8554;8555;8556;8557;8558
190,1,19000
131,100,13100;13101;13102;13103;13104;13105;13106;13107;13108;13109;13110;13111;13112;13113;13114;13115;13116;13117;13118;13119;13120;13121;13122;13123;13124;13125;13126;13127;13128;13129;13130;13131;13132;13133;13134;13135;13136;13137;13138;13139;13140;13141;13142;13143;13144;13145;13146;13147;13148;13149;13150;13151;13152;13153;13154;13155;13156;13157;13158;13159;13160;13161;13162;13163;13164;13165;13166;13167;13168;13169;13170;13171;13172;13173;13174;13175;13176;13177;13178;13179;13180;13181;13182;13183;13184;13185;13186;13187;13188;13189;13190;13191;13192;13193;13194;13195;13196;13197;13198;13199
165,23,16500;16501;16502;16503;16504;16505;16506;16507;16508;16509;16510;16511;16512;16513;16514;16515;16516;16517;16518;16519;16520;16598;16599
194,65,19400;19401;19402;19403;19404;19405;19406;19407;19408;19409;19410;19411;19412;19413;19414;19415;19416;19417;19418;19419;19420;19421;19422;19423;19424;19425;19426;19427;19428;19429;19430;19431;19432;19433;19434;19435;19436;19437;19438;19439;19440;19441;19442;19443;19444;19445;19446;19447;19448;19449;19450;19451;19452;19453;19454;19455;19456;19457;19458;19459;19460;19461;19462;19463;19464
125,100,12500;12501;12502;12503;12504;12505;12506;12507;12508;12509;12510;12511;12512;12513;12514;12515;12516;12517;12518;12519;12520;12521;12522;12523;12524;12525;12526;12527;12528;12529;12530;12531;12532;12533;12534;12535;12536;12537;12538;12539;12540;12541;12542;12543;12544;12545;12546;12547;12548;12549;12550;12551;12552;12553;12554;12555;12556;12557;12558;12559;12560;12561;12562;12563;12564;12565;12566;12567;12568;12569;12570;12571;12572;12573;12574;12575;12576;12577;12578;12579;12580;12581;12582;12583;12584;12585;12586;12587;12588;12589;12590;12591;12592;12593;12594;12595;12596;12597;12598;12599
140,6,14000;14001;14002;14003;14004;14005
151,608,15100;15101;15102;15103;15104;15105;15106;15107;15108;15109;15110;15111;15112;15113;15114;15115;15116;15117;15118;15119;15120;15121;15122;15123;15124;15125;15126;15127;15128;15129;15130;15131;15132;15133;15134;15135;15136;15137;15138;15139;15140;15141;15142;15143;15144;15145;15146;15147;15148;15149;15150;15151;15152;15153;15154;15155;15156;15157;15158;15159;15160;15161;15162;15163;15164;15165;15166;15167;15168;15169;15170;15171;15172;15173;15174;15175;15176;15177;15178;15179;15180;15181;15182;15183;15184;15185;15186;15187;15188;15189;15190;15191;15192;15193;15194;15195;15196;15197;15198;15199;15200;15201;15202;15203;15204;15205;15206;15207;15208;15209;15210;15211;15212;15213;15214;15215;15216;15217;15218;15219;15220;15221;15222;15223;15224;15225;15226;15227;15228;15229;15230;15231;15232;15233;15234;15235;15236;15237;15238;15239;15240;15241;15242;15243;15244;15245;15246;15247;15248;15249;15250;15251;15252;15253;15254;15255;15256;15257;15258;15259;15260;15261;15262;15263;15264;15265;15266;15267;15268;15269;15270;15271;15272;15273;15274;15275;15276;15277;15278;15279;15280;15281;15282;15283;15284;15285;15286;15287;15288;15289;15290;15291;15292;15293;15294;15295;15296;15297;15298;15299;15300;15301;15302;15303;15304;15305;15306;15307;15308;15309;15310;15311;15312;15313;15314;15315;15316;15317;15318;15319;15320;15321;15322;15323;15324;15325;15326;15327;15328;15329;15330;15331;15332;15333;15334;15335;15336;15337;15338;15339;15340;15341;15342;15343;15344;15345;15346;15347;15348;15349;15350;15351;15352;15353;15354;15355;15356;15357;15358;15359;15360;15361;15362;15363;15364;15365;15366;15367;15368;15369;15370;15371;15372;15373;15374;15375;15376;15377;15378;15379;15380;15381;15382;15383;15384;15385;15386;15387;15388;15389;15390;15391;15392;15393;15394;15395;15396;15397;15398;15399;15400;15401;15402;15403;15404;15405;15406;15407;15408;15409;15410;15411;15412;15413;15414;15415;15416;15417;15418;15419;15420;15421;15422;15423;15424;15425;15426;15427;15428;15429;15430;15431;15432;15433;15434;15435;15436;15437;15438;15439;15440;15441;15442;15443;15444;15445;15446;15447;15448;15449;15450;15451;15452;15453;15454;15455;15456;15457;15458;15459;15460;15461;15462;15463;15464;15465;15466;15467;15468;15469;15470;15471;15472;15473;15474;15475;15476;15477;15478;15479;15480;15481;15482;15483;15484;15485;15486;15487;15488;15489;15490;15491;15492;15493;15494;15495;15496;15497;15498;15499;15500;15501;15502;15503;15504;15505;15506;15507;15508;15509;15510;15511;15512;15513;15514;15515;15516;15517;15518;15519;15520;15521;15522;15523;15524;15525;15526;15527;15528;15529;15530;15531;15532;15533;15534;15535;15536;15537;15538;15539;15540;15541;15542;15543;15544;15545;15546;15547;15548;15549;15550;15551;15552;15553;15554;15555;15556;15557;15558;15559;15560;15561;15562;15563;15564;15565;15566;15567;15568;15569;15570;15571;15572;15573;15574;15575;15576;15577;15578;15579;15580;15581;15582;15583;15584;15585;15586;15587;15588;15589;15590;15591;15592;15593;15594;15595;15596;15597;15598;15599;15600;15601;15602;15603;15604;15605;15606;15607;15608;15609;15610;15611;15612;15613;15614;15615;15616;15617;15618;15619;15620;15621;15622;15623;15624;15625;15626;15627;15628;15629;15630;15631;15632;15633;15634;15635;15636;15637;15638;15639;15640;15641;15642;15643;15644;15645;15646;15647;15648;15649;15650;15651;15652;15653;15654;15655;15656;15657;15658;15659;15660;15661;15662;15663;15664;15665;15666;15667;15668;15669;15670;15671;15672;15673;15674;15675;15676;15677;15678;15679;15680;15681;15682;15683;15684;15685;15686;15687;15688;15689;15690;15691;15692;15693;15694;15695;15696;15697;15698;15699;15700;15701;15702;15703;15704;15705;15706;15707
55,100,5500;5501;5502;5503;5504;5505;5506;5507;5508;5509;5510;5511;5512;5513;5514;5515;5516;5517;5518;5519;5520;5521;5522;5523;5524;5525;5526;5527;5528;5529;5530;5531;5532;5533;5534;5535;5536;5537;5538;5539;5540;5541;5542;5543;5544;5545;5546;5547;5548;5549;5550;5551;5552;5553;5554;5555;5556;5557;5558;5559;5560;5561;5562;5563;5564;5565;5566;5567;5568;5569;5570;5571;5572;5573;5574;5575;5576;5577;5578;5579;5580;5581;5582;5583;5584;5585;5586;5587;5588;5589;5590;5591;5592;5593;5594;5595;5596;5597;5598;5599
80,155,8000;8001;8002;8003;8004;8005;8006;8007;8008;8009;8010;8011;8012;8013;8014;8015;8016;8017;8018;8019;8020;8021;8022;8023;8024;8025;8026;8027;8028;8029;8030;8031;8032;8033;8034;8035;8036;8037;8038;8039;8040;8041;8042;8043;8044;8045;8046;8047;8048;8049;8050;8051;8052;8053;8054;8055;8056;8057;8058;8059;8060;8061;8062;8063;8064;8065;8066;8067;8068;8069;8070;8071;8072;8073;8074;8075;8076;8077;8078;8079;8080;8081;8082;8083;8084;8085;8086;8087;8088;8089;8090;8099;8101;8102;8103;8104;8105;8106;8107;8108;8109;8110;8111;8112;8113;8114;8115;8116;8117;8118;8119;8120;8121;8122;8123;8124;8125;8126;8127;8128;8129;8130;8131;8132;8133;8134;8135;8136;8137;8138;8139;8140;8141;8142;8143;8144;8145;8146;8147;8148;8149;8150;8151;8152;8153;8154;8155;8156;8157;8158;8159;8160;8161;8162;8163
